date_sk,full_date,day_of_week,day_name,month_number,month_name,quarter,year,fiscal_year,fiscal_quarter,is_weekend,is_holiday
20240101,2024-01-01T00:00:00,1,Monday,1,January,1,2024,2023,2,False,True
20240102,2024-01-02T00:00:00,2,Tuesday,1,January,1,2024,2023,2,False,False
20240103,2024-01-03T00:00:00,3,Wednesday,1,January,1,2024,2023,2,False,False
20240104,2024-01-04T00:00:00,4,Thursday,1,January,1,2024,2023,2,False,False
20240105,2024-01-05T00:00:00,5,Friday,1,January,1,2024,2023,2,False,False
20240106,2024-01-06T00:00:00,6,Saturday,1,January,1,2024,2023,2,True,False
20240107,2024-01-07T00:00:00,7,Sunday,1,January,1,2024,2023,2,True,False
20240108,2024-01-08T00:00:00,1,Monday,1,January,1,2024,2023,2,False,False
20240109,2024-01-09T00:00:00,2,Tuesday,1,January,1,2024,2023,2,False,False
20240110,2024-01-10T00:00:00,3,Wednesday,1,January,1,2024,2023,2,False,False
20240111,2024-01-11T00:00:00,4,Thursday,1,January,1,2024,2023,2,False,False
20240112,2024-01-12T00:00:00,5,Friday,1,January,1,2024,2023,2,False,False
20240113,2024-01-13T00:00:00,6,Saturday,1,January,1,2024,2023,2,True,False
20240114,2024-01-14T00:00:00,7,Sunday,1,January,1,2024,2023,2,True,False
20240115,2024-01-15T00:00:00,1,Monday,1,January,1,2024,2023,2,False,True
20240116,2024-01-16T00:00:00,2,Tuesday,1,January,1,2024,2023,2,False,False
20240117,2024-01-17T00:00:00,3,Wednesday,1,January,1,2024,2023,2,False,False
20240118,2024-01-18T00:00:00,4,Thursday,1,January,1,2024,2023,2,False,False
20240119,2024-01-19T00:00:00,5,Friday,1,January,1,2024,2023,2,False,False
20240120,2024-01-20T00:00:00,6,Saturday,1,January,1,2024,2023,2,True,False
20240121,2024-01-21T00:00:00,7,Sunday,1,January,1,2024,2023,2,True,False
20240122,2024-01-22T00:00:00,1,Monday,1,January,1,2024,2023,2,False,False
20240123,2024-01-23T00:00:00,2,Tuesday,1,January,1,2024,2023,2,False,False
20240124,2024-01-24T00:00:00,3,Wednesday,1,January,1,2024,2023,2,False,False
20240125,2024-01-25T00:00:00,4,Thursday,1,January,1,2024,2023,2,False,False
20240126,2024-01-26T00:00:00,5,Friday,1,January,1,2024,2023,2,False,False
20240127,2024-01-27T00:00:00,6,Saturday,1,January,1,2024,2023,2,True,False
20240128,2024-01-28T00:00:00,7,Sunday,1,January,1,2024,2023,2,True,False
20240129,2024-01-29T00:00:00,1,Monday,1,January,1,2024,2023,2,False,False
20240130,2024-01-30T00:00:00,2,Tuesday,1,January,1,2024,2023,2,False,False
20240131,2024-01-31T00:00:00,3,Wednesday,1,January,1,2024,2023,2,False,False
20240201,2024-02-01T00:00:00,4,Thursday,2,February,1,2024,2023,2,False,False
20240202,2024-02-02T00:00:00,5,Friday,2,February,1,2024,2023,2,False,False
20240203,2024-02-03T00:00:00,6,Saturday,2,February,1,2024,2023,2,True,False
20240204,2024-02-04T00:00:00,7,Sunday,2,February,1,2024,2023,2,True,False
20240205,2024-02-05T00:00:00,1,Monday,2,February,1,2024,2023,2,False,False
20240206,2024-02-06T00:00:00,2,Tuesday,2,February,1,2024,2023,2,False,False
20240207,2024-02-07T00:00:00,3,Wednesday,2,February,1,2024,2023,2,False,False
20240208,2024-02-08T00:00:00,4,Thursday,2,February,1,2024,2023,2,False,False
20240209,2024-02-09T00:00:00,5,Friday,2,February,1,2024,2023,2,False,False
20240210,2024-02-10T00:00:00,6,Saturday,2,February,1,2024,2023,2,True,False
20240211,2024-02-11T00:00:00,7,Sunday,2,February,1,2024,2023,2,True,False
20240212,2024-02-12T00:00:00,1,Monday,2,February,1,2024,2023,2,False,False
20240213,2024-02-13T00:00:00,2,Tuesday,2,February,1,2024,2023,2,False,False
20240214,2024-02-14T00:00:00,3,Wednesday,2,February,1,2024,2023,2,False,False
20240215,2024-02-15T00:00:00,4,Thursday,2,February,1,2024,2023,2,False,False
20240216,2024-02-16T00:00:00,5,Friday,2,February,1,2024,2023,2,False,False
20240217,2024-02-17T00:00:00,6,Saturday,2,February,1,2024,2023,2,True,False
20240218,2024-02-18T00:00:00,7,Sunday,2,February,1,2024,2023,2,True,False
20240219,2024-02-19T00:00:00,1,Monday,2,February,1,2024,2023,2,False,True
20240220,2024-02-20T00:00:00,2,Tuesday,2,February,1,2024,2023,2,False,False
20240221,2024-02-21T00:00:00,3,Wednesday,2,February,1,2024,2023,2,False,False
20240222,2024-02-22T00:00:00,4,Thursday,2,February,1,2024,2023,2,False,False
20240223,2024-02-23T00:00:00,5,Friday,2,February,1,2024,2023,2,False,False
20240224,2024-02-24T00:00:00,6,Saturday,2,February,1,2024,2023,2,True,False
20240225,2024-02-25T00:00:00,7,Sunday,2,February,1,2024,2023,2,True,False
20240226,2024-02-26T00:00:00,1,Monday,2,February,1,2024,2023,2,False,False
20240227,2024-02-27T00:00:00,2,Tuesday,2,February,1,2024,2023,2,False,False
20240228,2024-02-28T00:00:00,3,Wednesday,2,February,1,2024,2023,2,False,False
20240229,2024-02-29T00:00:00,4,Thursday,2,February,1,2024,2023,2,False,False
20240301,2024-03-01T00:00:00,5,Friday,3,March,1,2024,2023,2,False,False
20240302,2024-03-02T00:00:00,6,Saturday,3,March,1,2024,2023,2,True,False
20240303,2024-03-03T00:00:00,7,Sunday,3,March,1,2024,2023,2,True,False
20240304,2024-03-04T00:00:00,1,Monday,3,March,1,2024,2023,2,False,False
20240305,2024-03-05T00:00:00,2,Tuesday,3,March,1,2024,2023,2,False,False
20240306,2024-03-06T00:00:00,3,Wednesday,3,March,1,2024,2023,2,False,False
20240307,2024-03-07T00:00:00,4,Thursday,3,March,1,2024,2023,2,False,False
20240308,2024-03-08T00:00:00,5,Friday,3,March,1,2024,2023,2,False,False
20240309,2024-03-09T00:00:00,6,Saturday,3,March,1,2024,2023,2,True,False
20240310,2024-03-10T00:00:00,7,Sunday,3,March,1,2024,2023,2,True,False
20240311,2024-03-11T00:00:00,1,Monday,3,March,1,2024,2023,2,False,False
20240312,2024-03-12T00:00:00,2,Tuesday,3,March,1,2024,2023,2,False,False
20240313,2024-03-13T00:00:00,3,Wednesday,3,March,1,2024,2023,2,False,False
20240314,2024-03-14T00:00:00,4,Thursday,3,March,1,2024,2023,2,False,False
20240315,2024-03-15T00:00:00,5,Friday,3,March,1,2024,2023,2,False,False
20240316,2024-03-16T00:00:00,6,Saturday,3,March,1,2024,2023,2,True,False
20240317,2024-03-17T00:00:00,7,Sunday,3,March,1,2024,2023,2,True,False
20240318,2024-03-18T00:00:00,1,Monday,3,March,1,2024,2023,2,False,False
20240319,2024-03-19T00:00:00,2,Tuesday,3,March,1,2024,2023,2,False,False
20240320,2024-03-20T00:00:00,3,Wednesday,3,March,1,2024,2023,2,False,False
20240321,2024-03-21T00:00:00,4,Thursday,3,March,1,2024,2023,2,False,False
20240322,2024-03-22T00:00:00,5,Friday,3,March,1,2024,2023,2,False,False
20240323,2024-03-23T00:00:00,6,Saturday,3,March,1,2024,2023,2,True,False
20240324,2024-03-24T00:00:00,7,Sunday,3,March,1,2024,2023,2,True,False
20240325,2024-03-25T00:00:00,1,Monday,3,March,1,2024,2023,2,False,False
20240326,2024-03-26T00:00:00,2,Tuesday,3,March,1,2024,2023,2,False,False
20240327,2024-03-27T00:00:00,3,Wednesday,3,March,1,2024,2023,2,False,False
20240328,2024-03-28T00:00:00,4,Thursday,3,March,1,2024,2023,2,False,False
20240329,2024-03-29T00:00:00,5,Friday,3,March,1,2024,2023,2,False,False
20240330,2024-03-30T00:00:00,6,Saturday,3,March,1,2024,2023,2,True,False
20240331,2024-03-31T00:00:00,7,Sunday,3,March,1,2024,2023,2,True,False
20240401,2024-04-01T00:00:00,1,Monday,4,April,2,2024,2023,3,False,False
20240402,2024-04-02T00:00:00,2,Tuesday,4,April,2,2024,2023,3,False,False
20240403,2024-04-03T00:00:00,3,Wednesday,4,April,2,2024,2023,3,False,False
20240404,2024-04-04T00:00:00,4,Thursday,4,April,2,2024,2023,3,False,False
20240405,2024-04-05T00:00:00,5,Friday,4,April,2,2024,2023,3,False,False
20240406,2024-04-06T00:00:00,6,Saturday,4,April,2,2024,2023,3,True,False
20240407,2024-04-07T00:00:00,7,Sunday,4,April,2,2024,2023,3,True,False
20240408,2024-04-08T00:00:00,1,Monday,4,April,2,2024,2023,3,False,False
20240409,2024-04-09T00:00:00,2,Tuesday,4,April,2,2024,2023,3,False,False
20240410,2024-04-10T00:00:00,3,Wednesday,4,April,2,2024,2023,3,False,False
20240411,2024-04-11T00:00:00,4,Thursday,4,April,2,2024,2023,3,False,False
20240412,2024-04-12T00:00:00,5,Friday,4,April,2,2024,2023,3,False,False
20240413,2024-04-13T00:00:00,6,Saturday,4,April,2,2024,2023,3,True,False
20240414,2024-04-14T00:00:00,7,Sunday,4,April,2,2024,2023,3,True,False
20240415,2024-04-15T00:00:00,1,Monday,4,April,2,2024,2023,3,False,False
20240416,2024-04-16T00:00:00,2,Tuesday,4,April,2,2024,2023,3,False,False
20240417,2024-04-17T00:00:00,3,Wednesday,4,April,2,2024,2023,3,False,False
20240418,2024-04-18T00:00:00,4,Thursday,4,April,2,2024,2023,3,False,False
20240419,2024-04-19T00:00:00,5,Friday,4,April,2,2024,2023,3,False,False
20240420,2024-04-20T00:00:00,6,Saturday,4,April,2,2024,2023,3,True,False
20240421,2024-04-21T00:00:00,7,Sunday,4,April,2,2024,2023,3,True,False
20240422,2024-04-22T00:00:00,1,Monday,4,April,2,2024,2023,3,False,False
20240423,2024-04-23T00:00:00,2,Tuesday,4,April,2,2024,2023,3,False,False
20240424,2024-04-24T00:00:00,3,Wednesday,4,April,2,2024,2023,3,False,False
20240425,2024-04-25T00:00:00,4,Thursday,4,April,2,2024,2023,3,False,False
20240426,2024-04-26T00:00:00,5,Friday,4,April,2,2024,2023,3,False,False
20240427,2024-04-27T00:00:00,6,Saturday,4,April,2,2024,2023,3,True,False
20240428,2024-04-28T00:00:00,7,Sunday,4,April,2,2024,2023,3,True,False
20240429,2024-04-29T00:00:00,1,Monday,4,April,2,2024,2023,3,False,False
20240430,2024-04-30T00:00:00,2,Tuesday,4,April,2,2024,2023,3,False,False
20240501,2024-05-01T00:00:00,3,Wednesday,5,May,2,2024,2023,3,False,False
20240502,2024-05-02T00:00:00,4,Thursday,5,May,2,2024,2023,3,False,False
20240503,2024-05-03T00:00:00,5,Friday,5,May,2,2024,2023,3,False,False
20240504,2024-05-04T00:00:00,6,Saturday,5,May,2,2024,2023,3,True,False
20240505,2024-05-05T00:00:00,7,Sunday,5,May,2,2024,2023,3,True,False
20240506,2024-05-06T00:00:00,1,Monday,5,May,2,2024,2023,3,False,False
20240507,2024-05-07T00:00:00,2,Tuesday,5,May,2,2024,2023,3,False,False
20240508,2024-05-08T00:00:00,3,Wednesday,5,May,2,2024,2023,3,False,False
20240509,2024-05-09T00:00:00,4,Thursday,5,May,2,2024,2023,3,False,False
20240510,2024-05-10T00:00:00,5,Friday,5,May,2,2024,2023,3,False,False
20240511,2024-05-11T00:00:00,6,Saturday,5,May,2,2024,2023,3,True,False
20240512,2024-05-12T00:00:00,7,Sunday,5,May,2,2024,2023,3,True,False
20240513,2024-05-13T00:00:00,1,Monday,5,May,2,2024,2023,3,False,False
20240514,2024-05-14T00:00:00,2,Tuesday,5,May,2,2024,2023,3,False,False
20240515,2024-05-15T00:00:00,3,Wednesday,5,May,2,2024,2023,3,False,False
20240516,2024-05-16T00:00:00,4,Thursday,5,May,2,2024,2023,3,False,False
20240517,2024-05-17T00:00:00,5,Friday,5,May,2,2024,2023,3,False,False
20240518,2024-05-18T00:00:00,6,Saturday,5,May,2,2024,2023,3,True,False
20240519,2024-05-19T00:00:00,7,Sunday,5,May,2,2024,2023,3,True,False
20240520,2024-05-20T00:00:00,1,Monday,5,May,2,2024,2023,3,False,False
20240521,2024-05-21T00:00:00,2,Tuesday,5,May,2,2024,2023,3,False,False
20240522,2024-05-22T00:00:00,3,Wednesday,5,May,2,2024,2023,3,False,False
20240523,2024-05-23T00:00:00,4,Thursday,5,May,2,2024,2023,3,False,False
20240524,2024-05-24T00:00:00,5,Friday,5,May,2,2024,2023,3,False,False
20240525,2024-05-25T00:00:00,6,Saturday,5,May,2,2024,2023,3,True,False
20240526,2024-05-26T00:00:00,7,Sunday,5,May,2,2024,2023,3,True,False
20240527,2024-05-27T00:00:00,1,Monday,5,May,2,2024,2023,3,False,True
20240528,2024-05-28T00:00:00,2,Tuesday,5,May,2,2024,2023,3,False,False
20240529,2024-05-29T00:00:00,3,Wednesday,5,May,2,2024,2023,3,False,False
20240530,2024-05-30T00:00:00,4,Thursday,5,May,2,2024,2023,3,False,False
20240531,2024-05-31T00:00:00,5,Friday,5,May,2,2024,2023,3,False,False
20240601,2024-06-01T00:00:00,6,Saturday,6,June,2,2024,2023,3,True,False
20240602,2024-06-02T00:00:00,7,Sunday,6,June,2,2024,2023,3,True,False
20240603,2024-06-03T00:00:00,1,Monday,6,June,2,2024,2023,3,False,False
20240604,2024-06-04T00:00:00,2,Tuesday,6,June,2,2024,2023,3,False,False
20240605,2024-06-05T00:00:00,3,Wednesday,6,June,2,2024,2023,3,False,False
20240606,2024-06-06T00:00:00,4,Thursday,6,June,2,2024,2023,3,False,False
20240607,2024-06-07T00:00:00,5,Friday,6,June,2,2024,2023,3,False,False
20240608,2024-06-08T00:00:00,6,Saturday,6,June,2,2024,2023,3,True,False
20240609,2024-06-09T00:00:00,7,Sunday,6,June,2,2024,2023,3,True,False
20240610,2024-06-10T00:00:00,1,Monday,6,June,2,2024,2023,3,False,False
20240611,2024-06-11T00:00:00,2,Tuesday,6,June,2,2024,2023,3,False,False
20240612,2024-06-12T00:00:00,3,Wednesday,6,June,2,2024,2023,3,False,False
20240613,2024-06-13T00:00:00,4,Thursday,6,June,2,2024,2023,3,False,False
20240614,2024-06-14T00:00:00,5,Friday,6,June,2,2024,2023,3,False,False
20240615,2024-06-15T00:00:00,6,Saturday,6,June,2,2024,2023,3,True,False
20240616,2024-06-16T00:00:00,7,Sunday,6,June,2,2024,2023,3,True,False
20240617,2024-06-17T00:00:00,1,Monday,6,June,2,2024,2023,3,False,False
20240618,2024-06-18T00:00:00,2,Tuesday,6,June,2,2024,2023,3,False,False
20240619,2024-06-19T00:00:00,3,Wednesday,6,June,2,2024,2023,3,False,True
20240620,2024-06-20T00:00:00,4,Thursday,6,June,2,2024,2023,3,False,False
20240621,2024-06-21T00:00:00,5,Friday,6,June,2,2024,2023,3,False,False
20240622,2024-06-22T00:00:00,6,Saturday,6,June,2,2024,2023,3,True,False
20240623,2024-06-23T00:00:00,7,Sunday,6,June,2,2024,2023,3,True,False
20240624,2024-06-24T00:00:00,1,Monday,6,June,2,2024,2023,3,False,False
20240625,2024-06-25T00:00:00,2,Tuesday,6,June,2,2024,2023,3,False,False
20240626,2024-06-26T00:00:00,3,Wednesday,6,June,2,2024,2023,3,False,False
20240627,2024-06-27T00:00:00,4,Thursday,6,June,2,2024,2023,3,False,False
20240628,2024-06-28T00:00:00,5,Friday,6,June,2,2024,2023,3,False,False
20240629,2024-06-29T00:00:00,6,Saturday,6,June,2,2024,2023,3,True,False
20240630,2024-06-30T00:00:00,7,Sunday,6,June,2,2024,2023,3,True,False
20240701,2024-07-01T00:00:00,1,Monday,7,July,3,2024,2024,1,False,False
20240702,2024-07-02T00:00:00,2,Tuesday,7,July,3,2024,2024,1,False,False
20240703,2024-07-03T00:00:00,3,Wednesday,7,July,3,2024,2024,1,False,False
20240704,2024-07-04T00:00:00,4,Thursday,7,July,3,2024,2024,1,False,True
20240705,2024-07-05T00:00:00,5,Friday,7,July,3,2024,2024,1,False,False
20240706,2024-07-06T00:00:00,6,Saturday,7,July,3,2024,2024,1,True,False
20240707,2024-07-07T00:00:00,7,Sunday,7,July,3,2024,2024,1,True,False
20240708,2024-07-08T00:00:00,1,Monday,7,July,3,2024,2024,1,False,False
20240709,2024-07-09T00:00:00,2,Tuesday,7,July,3,2024,2024,1,False,False
20240710,2024-07-10T00:00:00,3,Wednesday,7,July,3,2024,2024,1,False,False
20240711,2024-07-11T00:00:00,4,Thursday,7,July,3,2024,2024,1,False,False
20240712,2024-07-12T00:00:00,5,Friday,7,July,3,2024,2024,1,False,False
20240713,2024-07-13T00:00:00,6,Saturday,7,July,3,2024,2024,1,True,False
20240714,2024-07-14T00:00:00,7,Sunday,7,July,3,2024,2024,1,True,False
20240715,2024-07-15T00:00:00,1,Monday,7,July,3,2024,2024,1,False,False
20240716,2024-07-16T00:00:00,2,Tuesday,7,July,3,2024,2024,1,False,False
20240717,2024-07-17T00:00:00,3,Wednesday,7,July,3,2024,2024,1,False,False
20240718,2024-07-18T00:00:00,4,Thursday,7,July,3,2024,2024,1,False,False
20240719,2024-07-19T00:00:00,5,Friday,7,July,3,2024,2024,1,False,False
20240720,2024-07-20T00:00:00,6,Saturday,7,July,3,2024,2024,1,True,False
20240721,2024-07-21T00:00:00,7,Sunday,7,July,3,2024,2024,1,True,False
20240722,2024-07-22T00:00:00,1,Monday,7,July,3,2024,2024,1,False,False
20240723,2024-07-23T00:00:00,2,Tuesday,7,July,3,2024,2024,1,False,False
20240724,2024-07-24T00:00:00,3,Wednesday,7,July,3,2024,2024,1,False,False
20240725,2024-07-25T00:00:00,4,Thursday,7,July,3,2024,2024,1,False,False
20240726,2024-07-26T00:00:00,5,Friday,7,July,3,2024,2024,1,False,False
20240727,2024-07-27T00:00:00,6,Saturday,7,July,3,2024,2024,1,True,False
20240728,2024-07-28T00:00:00,7,Sunday,7,July,3,2024,2024,1,True,False
20240729,2024-07-29T00:00:00,1,Monday,7,July,3,2024,2024,1,False,False
20240730,2024-07-30T00:00:00,2,Tuesday,7,July,3,2024,2024,1,False,False
20240731,2024-07-31T00:00:00,3,Wednesday,7,July,3,2024,2024,1,False,False
20240801,2024-08-01T00:00:00,4,Thursday,8,August,3,2024,2024,1,False,False
20240802,2024-08-02T00:00:00,5,Friday,8,August,3,2024,2024,1,False,False
20240803,2024-08-03T00:00:00,6,Saturday,8,August,3,2024,2024,1,True,False
20240804,2024-08-04T00:00:00,7,Sunday,8,August,3,2024,2024,1,True,False
20240805,2024-08-05T00:00:00,1,Monday,8,August,3,2024,2024,1,False,False
20240806,2024-08-06T00:00:00,2,Tuesday,8,August,3,2024,2024,1,False,False
20240807,2024-08-07T00:00:00,3,Wednesday,8,August,3,2024,2024,1,False,False
20240808,2024-08-08T00:00:00,4,Thursday,8,August,3,2024,2024,1,False,False
20240809,2024-08-09T00:00:00,5,Friday,8,August,3,2024,2024,1,False,False
20240810,2024-08-10T00:00:00,6,Saturday,8,August,3,2024,2024,1,True,False
20240811,2024-08-11T00:00:00,7,Sunday,8,August,3,2024,2024,1,True,False
20240812,2024-08-12T00:00:00,1,Monday,8,August,3,2024,2024,1,False,False
20240813,2024-08-13T00:00:00,2,Tuesday,8,August,3,2024,2024,1,False,False
20240814,2024-08-14T00:00:00,3,Wednesday,8,August,3,2024,2024,1,False,False
20240815,2024-08-15T00:00:00,4,Thursday,8,August,3,2024,2024,1,False,False
20240816,2024-08-16T00:00:00,5,Friday,8,August,3,2024,2024,1,False,False
20240817,2024-08-17T00:00:00,6,Saturday,8,August,3,2024,2024,1,True,False
20240818,2024-08-18T00:00:00,7,Sunday,8,August,3,2024,2024,1,True,False
20240819,2024-08-19T00:00:00,1,Monday,8,August,3,2024,2024,1,False,False
20240820,2024-08-20T00:00:00,2,Tuesday,8,August,3,2024,2024,1,False,False
20240821,2024-08-21T00:00:00,3,Wednesday,8,August,3,2024,2024,1,False,False
20240822,2024-08-22T00:00:00,4,Thursday,8,August,3,2024,2024,1,False,False
20240823,2024-08-23T00:00:00,5,Friday,8,August,3,2024,2024,1,False,False
20240824,2024-08-24T00:00:00,6,Saturday,8,August,3,2024,2024,1,True,False
20240825,2024-08-25T00:00:00,7,Sunday,8,August,3,2024,2024,1,True,False
20240826,2024-08-26T00:00:00,1,Monday,8,August,3,2024,2024,1,False,False
20240827,2024-08-27T00:00:00,2,Tuesday,8,August,3,2024,2024,1,False,False
20240828,2024-08-28T00:00:00,3,Wednesday,8,August,3,2024,2024,1,False,False
20240829,2024-08-29T00:00:00,4,Thursday,8,August,3,2024,2024,1,False,False
20240830,2024-08-30T00:00:00,5,Friday,8,August,3,2024,2024,1,False,False
20240831,2024-08-31T00:00:00,6,Saturday,8,August,3,2024,2024,1,True,False
20240901,2024-09-01T00:00:00,7,Sunday,9,September,3,2024,2024,1,True,False
20240902,2024-09-02T00:00:00,1,Monday,9,September,3,2024,2024,1,False,True
20240903,2024-09-03T00:00:00,2,Tuesday,9,September,3,2024,2024,1,False,False
20240904,2024-09-04T00:00:00,3,Wednesday,9,September,3,2024,2024,1,False,False
20240905,2024-09-05T00:00:00,4,Thursday,9,September,3,2024,2024,1,False,False
20240906,2024-09-06T00:00:00,5,Friday,9,September,3,2024,2024,1,False,False
20240907,2024-09-07T00:00:00,6,Saturday,9,September,3,2024,2024,1,True,False
20240908,2024-09-08T00:00:00,7,Sunday,9,September,3,2024,2024,1,True,False
20240909,2024-09-09T00:00:00,1,Monday,9,September,3,2024,2024,1,False,False
20240910,2024-09-10T00:00:00,2,Tuesday,9,September,3,2024,2024,1,False,False
20240911,2024-09-11T00:00:00,3,Wednesday,9,September,3,2024,2024,1,False,False
20240912,2024-09-12T00:00:00,4,Thursday,9,September,3,2024,2024,1,False,False
20240913,2024-09-13T00:00:00,5,Friday,9,September,3,2024,2024,1,False,False
20240914,2024-09-14T00:00:00,6,Saturday,9,September,3,2024,2024,1,True,False
20240915,2024-09-15T00:00:00,7,Sunday,9,September,3,2024,2024,1,True,False
20240916,2024-09-16T00:00:00,1,Monday,9,September,3,2024,2024,1,False,False
20240917,2024-09-17T00:00:00,2,Tuesday,9,September,3,2024,2024,1,False,False
20240918,2024-09-18T00:00:00,3,Wednesday,9,September,3,2024,2024,1,False,False
20240919,2024-09-19T00:00:00,4,Thursday,9,September,3,2024,2024,1,False,False
20240920,2024-09-20T00:00:00,5,Friday,9,September,3,2024,2024,1,False,False
20240921,2024-09-21T00:00:00,6,Saturday,9,September,3,2024,2024,1,True,False
20240922,2024-09-22T00:00:00,7,Sunday,9,September,3,2024,2024,1,True,False
20240923,2024-09-23T00:00:00,1,Monday,9,September,3,2024,2024,1,False,False
20240924,2024-09-24T00:00:00,2,Tuesday,9,September,3,2024,2024,1,False,False
20240925,2024-09-25T00:00:00,3,Wednesday,9,September,3,2024,2024,1,False,False
20240926,2024-09-26T00:00:00,4,Thursday,9,September,3,2024,2024,1,False,False
20240927,2024-09-27T00:00:00,5,Friday,9,September,3,2024,2024,1,False,False
20240928,2024-09-28T00:00:00,6,Saturday,9,September,3,2024,2024,1,True,False
20240929,2024-09-29T00:00:00,7,Sunday,9,September,3,2024,2024,1,True,False
20240930,2024-09-30T00:00:00,1,Monday,9,September,3,2024,2024,1,False,False
20241001,2024-10-01T00:00:00,2,Tuesday,10,October,4,2024,2024,2,False,False
20241002,2024-10-02T00:00:00,3,Wednesday,10,October,4,2024,2024,2,False,False
20241003,2024-10-03T00:00:00,4,Thursday,10,October,4,2024,2024,2,False,False
20241004,2024-10-04T00:00:00,5,Friday,10,October,4,2024,2024,2,False,False
20241005,2024-10-05T00:00:00,6,Saturday,10,October,4,2024,2024,2,True,False
20241006,2024-10-06T00:00:00,7,Sunday,10,October,4,2024,2024,2,True,False
20241007,2024-10-07T00:00:00,1,Monday,10,October,4,2024,2024,2,False,False
20241008,2024-10-08T00:00:00,2,Tuesday,10,October,4,2024,2024,2,False,False
20241009,2024-10-09T00:00:00,3,Wednesday,10,October,4,2024,2024,2,False,False
20241010,2024-10-10T00:00:00,4,Thursday,10,October,4,2024,2024,2,False,False
20241011,2024-10-11T00:00:00,5,Friday,10,October,4,2024,2024,2,False,False
20241012,2024-10-12T00:00:00,6,Saturday,10,October,4,2024,2024,2,True,False
20241013,2024-10-13T00:00:00,7,Sunday,10,October,4,2024,2024,2,True,False
20241014,2024-10-14T00:00:00,1,Monday,10,October,4,2024,2024,2,False,True
20241015,2024-10-15T00:00:00,2,Tuesday,10,October,4,2024,2024,2,False,False
20241016,2024-10-16T00:00:00,3,Wednesday,10,October,4,2024,2024,2,False,False
20241017,2024-10-17T00:00:00,4,Thursday,10,October,4,2024,2024,2,False,False
20241018,2024-10-18T00:00:00,5,Friday,10,October,4,2024,2024,2,False,False
20241019,2024-10-19T00:00:00,6,Saturday,10,October,4,2024,2024,2,True,False
20241020,2024-10-20T00:00:00,7,Sunday,10,October,4,2024,2024,2,True,False
20241021,2024-10-21T00:00:00,1,Monday,10,October,4,2024,2024,2,False,False
20241022,2024-10-22T00:00:00,2,Tuesday,10,October,4,2024,2024,2,False,False
20241023,2024-10-23T00:00:00,3,Wednesday,10,October,4,2024,2024,2,False,False
20241024,2024-10-24T00:00:00,4,Thursday,10,October,4,2024,2024,2,False,False
20241025,2024-10-25T00:00:00,5,Friday,10,October,4,2024,2024,2,False,False
20241026,2024-10-26T00:00:00,6,Saturday,10,October,4,2024,2024,2,True,False
20241027,2024-10-27T00:00:00,7,Sunday,10,October,4,2024,2024,2,True,False
20241028,2024-10-28T00:00:00,1,Monday,10,October,4,2024,2024,2,False,False
20241029,2024-10-29T00:00:00,2,Tuesday,10,October,4,2024,2024,2,False,False
20241030,2024-10-30T00:00:00,3,Wednesday,10,October,4,2024,2024,2,False,False
20241031,2024-10-31T00:00:00,4,Thursday,10,October,4,2024,2024,2,False,False
20241101,2024-11-01T00:00:00,5,Friday,11,November,4,2024,2024,2,False,False
20241102,2024-11-02T00:00:00,6,Saturday,11,November,4,2024,2024,2,True,False
20241103,2024-11-03T00:00:00,7,Sunday,11,November,4,2024,2024,2,True,False
20241104,2024-11-04T00:00:00,1,Monday,11,November,4,2024,2024,2,False,False
20241105,2024-11-05T00:00:00,2,Tuesday,11,November,4,2024,2024,2,False,False
20241106,2024-11-06T00:00:00,3,Wednesday,11,November,4,2024,2024,2,False,False
20241107,2024-11-07T00:00:00,4,Thursday,11,November,4,2024,2024,2,False,False
20241108,2024-11-08T00:00:00,5,Friday,11,November,4,2024,2024,2,False,False
20241109,2024-11-09T00:00:00,6,Saturday,11,November,4,2024,2024,2,True,False
20241110,2024-11-10T00:00:00,7,Sunday,11,November,4,2024,2024,2,True,False
20241111,2024-11-11T00:00:00,1,Monday,11,November,4,2024,2024,2,False,True
20241112,2024-11-12T00:00:00,2,Tuesday,11,November,4,2024,2024,2,False,False
20241113,2024-11-13T00:00:00,3,Wednesday,11,November,4,2024,2024,2,False,False
20241114,2024-11-14T00:00:00,4,Thursday,11,November,4,2024,2024,2,False,False
20241115,2024-11-15T00:00:00,5,Friday,11,November,4,2024,2024,2,False,False
20241116,2024-11-16T00:00:00,6,Saturday,11,November,4,2024,2024,2,True,False
20241117,2024-11-17T00:00:00,7,Sunday,11,November,4,2024,2024,2,True,False
20241118,2024-11-18T00:00:00,1,Monday,11,November,4,2024,2024,2,False,False
20241119,2024-11-19T00:00:00,2,Tuesday,11,November,4,2024,2024,2,False,False
20241120,2024-11-20T00:00:00,3,Wednesday,11,November,4,2024,2024,2,False,False
20241121,2024-11-21T00:00:00,4,Thursday,11,November,4,2024,2024,2,False,False
20241122,2024-11-22T00:00:00,5,Friday,11,November,4,2024,2024,2,False,False
20241123,2024-11-23T00:00:00,6,Saturday,11,November,4,2024,2024,2,True,False
20241124,2024-11-24T00:00:00,7,Sunday,11,November,4,2024,2024,2,True,False
20241125,2024-11-25T00:00:00,1,Monday,11,November,4,2024,2024,2,False,False
20241126,2024-11-26T00:00:00,2,Tuesday,11,November,4,2024,2024,2,False,False
20241127,2024-11-27T00:00:00,3,Wednesday,11,November,4,2024,2024,2,False,False
20241128,2024-11-28T00:00:00,4,Thursday,11,November,4,2024,2024,2,False,True
20241129,2024-11-29T00:00:00,5,Friday,11,November,4,2024,2024,2,False,False
20241130,2024-11-30T00:00:00,6,Saturday,11,November,4,2024,2024,2,True,False
20241201,2024-12-01T00:00:00,7,Sunday,12,December,4,2024,2024,2,True,False
20241202,2024-12-02T00:00:00,1,Monday,12,December,4,2024,2024,2,False,False
20241203,2024-12-03T00:00:00,2,Tuesday,12,December,4,2024,2024,2,False,False
20241204,2024-12-04T00:00:00,3,Wednesday,12,December,4,2024,2024,2,False,False
20241205,2024-12-05T00:00:00,4,Thursday,12,December,4,2024,2024,2,False,False
20241206,2024-12-06T00:00:00,5,Friday,12,December,4,2024,2024,2,False,False
20241207,2024-12-07T00:00:00,6,Saturday,12,December,4,2024,2024,2,True,False
20241208,2024-12-08T00:00:00,7,Sunday,12,December,4,2024,2024,2,True,False
20241209,2024-12-09T00:00:00,1,Monday,12,December,4,2024,2024,2,False,False
20241210,2024-12-10T00:00:00,2,Tuesday,12,December,4,2024,2024,2,False,False
20241211,2024-12-11T00:00:00,3,Wednesday,12,December,4,2024,2024,2,False,False
20241212,2024-12-12T00:00:00,4,Thursday,12,December,4,2024,2024,2,False,False
20241213,2024-12-13T00:00:00,5,Friday,12,December,4,2024,2024,2,False,False
20241214,2024-12-14T00:00:00,6,Saturday,12,December,4,2024,2024,2,True,False
20241215,2024-12-15T00:00:00,7,Sunday,12,December,4,2024,2024,2,True,False
20241216,2024-12-16T00:00:00,1,Monday,12,December,4,2024,2024,2,False,False
20241217,2024-12-17T00:00:00,2,Tuesday,12,December,4,2024,2024,2,False,False
20241218,2024-12-18T00:00:00,3,Wednesday,12,December,4,2024,2024,2,False,False
20241219,2024-12-19T00:00:00,4,Thursday,12,December,4,2024,2024,2,False,False
20241220,2024-12-20T00:00:00,5,Friday,12,December,4,2024,2024,2,False,False
20241221,2024-12-21T00:00:00,6,Saturday,12,December,4,2024,2024,2,True,False
20241222,2024-12-22T00:00:00,7,Sunday,12,December,4,2024,2024,2,True,False
20241223,2024-12-23T00:00:00,1,Monday,12,December,4,2024,2024,2,False,False
20241224,2024-12-24T00:00:00,2,Tuesday,12,December,4,2024,2024,2,False,False
20241225,2024-12-25T00:00:00,3,Wednesday,12,December,4,2024,2024,2,False,True
20241226,2024-12-26T00:00:00,4,Thursday,12,December,4,2024,2024,2,False,False
20241227,2024-12-27T00:00:00,5,Friday,12,December,4,2024,2024,2,False,False
20241228,2024-12-28T00:00:00,6,Saturday,12,December,4,2024,2024,2,True,False
20241229,2024-12-29T00:00:00,7,Sunday,12,December,4,2024,2024,2,True,False
20241230,2024-12-30T00:00:00,1,Monday,12,December,4,2024,2024,2,False,False
20241231,2024-12-31T00:00:00,2,Tuesday,12,December,4,2024,2024,2,False,False
